{
  "n": 200,
  "seed": 42,
  "target_m": 1000.0,
  "v_mps": {
    "p5": 331.4781957553523,
    "p50": 334.43037703656347,
    "p95": 337.70478323985077,
    "mean": 334.4662966044775,
    "std": 1.86654450468503
  },
  "tof_s": {
    "p5": 4.074229844193377,
    "p50": 4.124975283704126,
    "p95": 4.175910316083435
  },
  "fraction_in_330_350_band": 1.0
}