{
  "n": 25000,
  "seed": 42,
  "target_m": 1000.0,
  "v_mps": {
    "p5": 331.13839917085903,
    "p50": 334.31732660135685,
    "p95": 337.4469291540808,
    "mean": 334.3201847726001,
    "std": 1.95593697882753
  },
  "tof_s": {
    "p5": 4.075440409012272,
    "p50": 4.128583779116559,
    "p95": 4.182955560572469
  },
  "fraction_in_330_350_band": 0.99756
}